{"cameraMode":{"drawMode":0,"name":"Shaded","section":"Shading Mode"},"sceneLighting":true,"audioPlay":false,"sceneViewState":{"showFog":true,"showMaterialUpdate":false,"showSkybox":true,"showFlares":true,"showImageEffects":true,"showParticleSystems":true},"in2DMode":false,"pivot":{"x":5.999999523162842,"y":13.0,"z":-1644.300048828125},"rotation":{"x":-0.11406590789556503,"y":0.12276188284158707,"z":-0.014197228476405144,"w":-0.9857730865478516},"size":433.5140380859375,"orthographic":true}