{"cameraMode":{"drawMode":0,"name":"Shaded","section":"Shading Mode"},"sceneLighting":false,"audioPlay":false,"sceneViewState":{"showFog":true,"showMaterialUpdate":false,"showSkybox":false,"showFlares":true,"showImageEffects":true,"showParticleSystems":true},"in2DMode":false,"pivot":{"x":35.08030319213867,"y":112.48259735107422,"z":410.5481872558594},"rotation":{"x":0.2060372531414032,"y":0.6552309989929199,"z":-0.19257935881614686,"w":0.7008358240127564},"size":2.8296730518341066,"orthographic":true}